Timestamp,User Count,Type,Name,Requests/s,Failures/s,50%,66%,75%,80%,90%,95%,98%,99%,99.9%,99.99%,100%,Total Request Count,Total Failure Count,Total Median Response Time,Total Average Response Time,Total Min Response Time,Total Max Response Time,Total Average Content Size
1771701431,0,,Aggregated,0.000000,0.000000,N/A,N/A,N/A,N/A,N/A,N/A,N/A,N/A,N/A,N/A,N/A,0,0,0,0.0,0,0,0
1771701432,10,,Aggregated,0.000000,0.000000,5,5,9,10,11,11,11,11,11,11,11,10,10,5,5.830490000516875,1.888600003439933,10.665699999663047,0.0
1771701433,30,,Aggregated,0.000000,0.000000,4,5,6,7,9,10,11,11,11,11,11,21,21,4,4.627028571294865,1.2349999960861169,10.665699999663047,0.0
1771701434,40,,Aggregated,10.000000,10.000000,3,4,5,5,7,9,11,11,11,11,11,47,47,3,3.836885106562825,1.2349999960861169,10.665699999663047,0.0
1771701435,50,,Aggregated,10.500000,10.500000,4,5,5,5,7,10,13,14,14,14,14,71,71,4,4.274435211620687,1.2349999960861169,14.37420000002021,0.0
1771701436,60,,Aggregated,11.666667,11.666667,4,4,5,5,7,10,13,14,15,15,15,101,101,4,4.204333663527914,1.2349999960861169,15.100299999176059,0.0
1771701437,70,,Aggregated,14.500000,14.500000,3,4,5,5,6,9,13,14,15,15,15,133,133,3,3.9292233082495587,1.2349999960861169,15.100299999176059,0.0
1771701438,80,,Aggregated,17.000000,17.000000,3,4,4,5,6,9,13,14,15,15,15,173,173,3,3.8069520230022142,1.2349999960861169,15.100299999176059,0.0
1771701439,90,,Aggregated,19.833333,19.833333,3,4,5,5,6,9,13,14,24,24,24,223,223,3,4.024537219612435,1.2349999960861169,23.522300005424768,0.0
1771701440,100,,Aggregated,22.428571,22.428571,4,4,5,5,7,10,13,15,24,24,24,271,271,4,4.209011439004195,1.2349999960861169,23.522300005424768,0.0
1771701441,100,,Aggregated,24.250000,24.250000,4,4,5,5,7,10,14,15,24,24,24,320,320,4,4.174264375001258,1.2349999960861169,23.522300005424768,0.0
1771701442,100,,Aggregated,26.666667,26.666667,3,4,5,5,6,9,13,15,24,24,24,376,376,3,4.0283763298267585,1.2349999960861169,23.522300005424768,0.0
1771701443,100,,Aggregated,29.400000,29.400000,3,4,5,5,6,9,13,14,24,24,24,427,427,3,3.986725058508557,1.2349999960861169,23.522300005424768,0.0
1771701444,100,,Aggregated,32.600000,32.600000,3,4,5,5,6,8,11,14,24,24,24,485,485,3,3.95307319588928,1.2349999960861169,23.522300005424768,0.0
1771701445,100,,Aggregated,36.600000,36.600000,3,4,5,5,6,8,11,14,24,24,24,536,536,3,3.9222332088819942,1.2349999960861169,23.522300005424768,0.0
1771701446,100,,Aggregated,40.400000,40.400000,3,4,5,5,6,8,11,14,24,24,24,591,591,3,3.9293128595395523,1.2349999960861169,23.522300005424768,0.0
1771701447,100,,Aggregated,43.900000,43.900000,3,4,5,5,6,7,11,14,24,24,24,639,639,3,3.867134585235933,1.2349999960861169,23.522300005424768,0.0
1771701448,100,,Aggregated,46.000000,46.000000,3,4,5,5,6,7,11,14,24,24,24,689,689,3,3.852858345391528,1.2349999960861169,23.522300005424768,0.0
1771701449,100,,Aggregated,48.200000,48.200000,3,4,5,5,6,7,11,14,24,24,24,739,739,3,3.864347902566909,1.2349999960861169,23.522300005424768,0.0
1771701450,100,,Aggregated,48.800000,48.800000,3,4,5,5,6,7,11,14,24,24,24,787,787,3,3.8585921219834676,1.2349999960861169,23.522300005424768,0.0
1771701451,100,,Aggregated,50.300000,50.300000,4,4,5,5,6,7,10,13,24,24,24,841,841,4,3.8731206896456425,1.2349999960861169,23.522300005424768,0.0
1771701452,100,,Aggregated,50.800000,50.800000,3,4,5,5,6,7,10,13,24,24,24,886,886,3,3.837722460468971,1.2349999960861169,23.522300005424768,0.0
1771701453,100,,Aggregated,49.900000,49.900000,4,4,5,5,6,7,10,13,24,24,24,937,937,4,3.866228174977986,1.2349999960861169,23.522300005424768,0.0
1771701454,100,,Aggregated,51.300000,51.300000,4,4,5,5,6,7,10,13,24,24,24,990,990,4,3.8675553534980134,1.2112000040360726,23.522300005424768,0.0
1771701455,100,,Aggregated,50.800000,50.800000,4,4,5,5,6,7,9,13,19,24,24,1029,1029,4,3.88047016516143,1.2112000040360726,23.522300005424768,0.0
1771701456,100,,Aggregated,50.500000,50.500000,4,4,5,5,6,7,9,13,19,24,24,1084,1084,4,3.8913201106473485,1.2112000040360726,23.522300005424768,0.0
1771701457,100,,Aggregated,50.000000,50.000000,4,4,5,5,6,7,9,11,19,24,24,1139,1139,4,3.84414820006023,1.2112000040360726,23.522300005424768,0.0
1771701458,100,,Aggregated,49.000000,49.000000,4,4,5,5,6,7,9,11,19,24,24,1185,1185,4,3.847628101130077,1.2112000040360726,23.522300005424768,0.0
1771701459,100,,Aggregated,49.200000,49.200000,4,4,5,5,6,7,9,11,19,24,24,1235,1235,4,3.8659859917572934,1.2112000040360726,23.522300005424768,0.0
1771701460,100,,Aggregated,50.400000,50.400000,4,4,5,5,6,7,9,11,19,24,24,1284,1284,4,3.8716760123164606,1.2112000040360726,23.522300005424768,0.0
1771701461,100,,Aggregated,49.500000,49.500000,4,4,5,5,6,7,9,11,19,24,24,1340,1340,4,3.8807082088278007,1.2112000040360726,23.522300005424768,0.0
1771701462,100,,Aggregated,49.300000,49.300000,4,4,5,5,6,7,9,11,19,24,24,1389,1389,4,3.824804463499052,1.2112000040360726,23.522300005424768,0.0
1771701463,100,,Aggregated,49.500000,49.500000,4,4,5,5,6,7,9,11,19,24,24,1431,1431,4,3.8502991612733224,1.2112000040360726,23.522300005424768,0.0
1771701464,100,,Aggregated,49.200000,49.200000,4,4,5,5,6,7,9,11,19,24,24,1488,1488,4,3.864848386959933,1.2112000040360726,23.522300005424768,0.0
1771701465,100,,Aggregated,49.700000,49.700000,4,4,5,5,6,7,9,11,19,24,24,1531,1531,4,3.863501371522671,1.2112000040360726,23.522300005424768,0.0
1771701466,100,,Aggregated,49.300000,49.300000,4,4,5,5,6,7,9,11,19,24,24,1590,1590,4,3.865645597365783,1.2112000040360726,23.522300005424768,0.0
1771701467,100,,Aggregated,49.400000,49.400000,4,4,5,5,6,7,9,11,19,24,24,1642,1642,4,3.828807977950155,1.2112000040360726,23.522300005424768,0.0
1771701468,100,,Aggregated,50.200000,50.200000,4,4,5,5,6,7,9,11,19,24,24,1691,1691,4,3.8371757538616396,1.2112000040360726,23.522300005424768,0.0
1771701469,100,,Aggregated,50.200000,50.200000,4,4,5,5,6,7,8,11,19,24,24,1743,1743,4,3.8484562247721663,1.2112000040360726,23.522300005424768,0.0
1771701470,100,,Aggregated,49.600000,49.600000,4,4,5,5,6,7,8,11,19,24,24,1793,1793,4,3.8513237589171165,1.2112000040360726,23.522300005424768,0.0
1771701471,100,,Aggregated,50.600000,50.600000,4,4,5,5,6,7,8,10,19,24,24,1841,1841,4,3.853095545754884,1.2112000040360726,23.522300005424768,0.0
1771701472,100,,Aggregated,50.400000,50.400000,4,4,5,5,6,7,8,10,19,24,24,1889,1889,4,3.830236791823007,1.2112000040360726,23.522300005424768,0.0
1771701473,100,,Aggregated,50.600000,50.600000,4,4,5,5,6,7,8,11,19,24,24,1941,1941,4,3.8538999483368666,1.2112000040360726,23.522300005424768,0.0
1771701474,100,,Aggregated,50.500000,50.500000,4,4,5,5,6,7,8,11,19,24,24,1997,1997,4,3.8602224335019453,1.2112000040360726,23.522300005424768,0.0
1771701476,100,,Aggregated,50.200000,50.200000,4,4,5,5,6,7,8,10,15,24,24,2042,2042,4,3.8718995591122454,1.2112000040360726,23.522300005424768,0.0
1771701477,100,,Aggregated,50.600000,50.600000,4,4,5,5,6,7,8,10,15,24,24,2096,2096,4,3.876961402532198,1.2112000040360726,23.522300005424768,0.0
1771701478,100,,Aggregated,50.700000,50.700000,4,4,5,5,6,7,8,10,15,24,24,2137,2137,4,3.8508546091361753,1.2112000040360726,23.522300005424768,0.0
1771701479,100,,Aggregated,50.100000,50.100000,4,4,5,5,6,7,8,10,15,24,24,2190,2190,4,3.8616963925404098,1.2112000040360726,23.522300005424768,0.0
1771701480,100,,Aggregated,49.200000,49.200000,4,4,5,5,6,7,8,10,15,24,24,2232,2232,4,3.8714749998493923,1.2112000040360726,23.522300005424768,0.0
1771701481,100,,Aggregated,48.900000,48.900000,4,4,5,5,6,7,8,10,15,24,24,2284,2284,4,3.8769443518693523,1.2112000040360726,23.522300005424768,0.0
1771701482,100,,Aggregated,48.600000,48.600000,4,4,5,5,6,7,8,10,15,24,24,2340,2340,4,3.8786954699747334,1.2112000040360726,23.522300005424768,0.0
1771701483,100,,Aggregated,48.800000,48.800000,4,4,5,5,6,7,8,10,15,24,24,2392,2392,4,3.852677382839531,1.2014000021736138,23.522300005424768,0.0
1771701484,100,,Aggregated,49.100000,49.100000,4,4,5,5,6,7,8,10,15,24,24,2444,2444,4,3.8701705400090205,1.2014000021736138,23.522300005424768,0.0
1771701485,100,,Aggregated,49.100000,49.100000,4,4,5,5,6,7,8,10,15,24,24,2500,2500,4,3.886012879907503,1.2014000021736138,23.522300005424768,0.0
1771701486,100,,Aggregated,49.800000,49.800000,4,4,5,5,6,7,8,10,15,24,24,2544,2544,4,3.8876667845129904,1.2014000021736138,23.522300005424768,0.0
1771701487,100,,Aggregated,49.800000,49.800000,4,4,5,5,6,7,8,10,15,24,24,2595,2595,4,3.886477610684356,1.2014000021736138,23.522300005424768,0.0
1771701488,100,,Aggregated,49.900000,49.900000,4,4,5,5,6,7,8,10,15,24,24,2639,2639,4,3.866041417099938,1.2014000021736138,23.522300005424768,0.0
1771701489,100,,Aggregated,49.500000,49.500000,4,4,5,5,6,7,8,10,19,66,66,2695,2695,4,3.89810281995004,1.2014000021736138,65.98030000168364,0.0
1771701490,100,,Aggregated,49.500000,49.500000,4,4,5,5,6,7,8,10,19,66,66,2740,2740,4,3.9041552553877463,1.2014000021736138,65.98030000168364,0.0
1771701491,100,,Aggregated,50.100000,50.100000,4,4,5,5,6,7,8,10,19,66,66,2789,2789,4,3.9075309070482196,1.2014000021736138,65.98030000168364,0.0
1771701492,100,,Aggregated,50.300000,50.300000,4,4,5,5,6,7,8,9,19,66,66,2834,2834,4,3.90722886371761,1.2014000021736138,65.98030000168364,0.0
1771701493,100,,Aggregated,49.900000,49.900000,4,4,5,5,6,7,8,9,19,66,66,2886,2886,4,3.8902055785732848,1.1688000013236888,65.98030000168364,0.0
1771701494,100,,Aggregated,49.000000,49.000000,4,4,5,5,6,7,8,9,19,66,66,2935,2935,4,3.8922916864728383,1.1688000013236888,65.98030000168364,0.0
1771701495,100,,Aggregated,49.800000,49.800000,4,4,5,5,6,7,8,9,19,66,66,2991,2991,4,3.898152490758213,1.1688000013236888,65.98030000168364,0.0
1771701496,100,,Aggregated,48.700000,48.700000,4,4,5,5,6,6,8,9,15,66,66,3043,3043,4,3.901985803436313,1.1688000013236888,65.98030000168364,0.0
1771701497,100,,Aggregated,48.700000,48.700000,4,4,5,5,6,6,8,9,15,66,66,3087,3087,4,3.904353125960217,1.1688000013236888,65.98030000168364,0.0
1771701498,100,,Aggregated,49.000000,49.000000,4,4,5,5,6,6,8,9,15,66,66,3142,3142,4,3.8824993315855725,1.1688000013236888,65.98030000168364,0.0
1771701499,100,,Aggregated,48.800000,48.800000,4,4,5,5,6,6,8,9,15,66,66,3186,3186,4,3.884727871887435,1.1688000013236888,65.98030000168364,0.0
1771701500,100,,Aggregated,50.300000,50.300000,4,4,5,5,6,6,8,9,15,66,66,3248,3248,4,3.8838831280301003,1.1688000013236888,65.98030000168364,0.0
1771701501,100,,Aggregated,49.000000,49.000000,4,4,5,5,6,6,8,9,15,66,66,3298,3298,4,3.8839535172430923,1.1688000013236888,65.98030000168364,0.0
1771701502,100,,Aggregated,50.300000,50.300000,4,4,5,5,6,6,8,9,15,66,66,3339,3339,4,3.8831821203639354,1.1688000013236888,65.98030000168364,0.0
1771701503,100,,Aggregated,50.400000,50.400000,4,4,5,5,6,6,8,9,15,66,66,3395,3395,4,3.8667419145465143,1.1688000013236888,65.98030000168364,0.0
1771701504,100,,Aggregated,50.100000,50.100000,4,4,5,5,6,6,8,9,15,66,66,3443,3443,4,3.8668006098975245,1.1688000013236888,65.98030000168364,0.0
1771701505,100,,Aggregated,50.400000,50.400000,4,4,5,5,6,6,8,9,15,66,66,3493,3493,4,3.8675596048874685,1.1688000013236888,65.98030000168364,0.0
1771701506,100,,Aggregated,50.200000,50.200000,4,4,5,5,6,6,8,9,19,66,66,3542,3542,4,3.872178063210439,1.1688000013236888,65.98030000168364,0.0
1771701507,100,,Aggregated,50.200000,50.200000,4,4,5,5,6,6,8,9,19,66,66,3592,3592,4,3.8677572661143085,1.1688000013236888,65.98030000168364,0.0
1771701508,100,,Aggregated,49.800000,49.800000,4,4,5,5,6,6,8,9,19,66,66,3642,3642,4,3.8508557934810392,1.1688000013236888,65.98030000168364,0.0
1771701509,100,,Aggregated,50.200000,50.200000,4,4,5,5,6,6,8,9,19,66,66,3696,3696,4,3.8602805194382808,1.1688000013236888,65.98030000168364,0.0
1771701510,100,,Aggregated,49.300000,49.300000,4,4,5,5,6,6,8,9,19,66,66,3748,3748,4,3.856695384161467,1.1688000013236888,65.98030000168364,0.0
1771701511,100,,Aggregated,50.300000,50.300000,4,4,5,5,6,6,8,9,19,66,66,3790,3790,4,3.856683430040905,1.1688000013236888,65.98030000168364,0.0
1771701512,100,,Aggregated,50.000000,50.000000,4,4,5,5,6,6,8,9,19,66,66,3845,3845,4,3.8608696748686033,1.1688000013236888,65.98030000168364,0.0
1771701513,100,,Aggregated,49.200000,49.200000,4,4,5,5,6,6,8,9,19,66,66,3892,3892,4,3.8485402620465496,1.1521000051288866,65.98030000168364,0.0
1771701514,100,,Aggregated,50.200000,50.200000,4,4,5,5,6,6,8,9,19,66,66,3950,3950,4,3.852501088577246,1.1521000051288866,65.98030000168364,0.0
1771701515,100,,Aggregated,49.300000,49.300000,4,4,5,5,6,6,8,9,19,66,66,3998,3998,4,3.857538544249108,1.1521000051288866,65.98030000168364,0.0
1771701516,100,,Aggregated,50.000000,50.000000,4,4,5,5,6,6,8,9,15,66,66,4059,4059,4,3.8643402315613518,1.1521000051288866,65.98030000168364,0.0
1771701517,100,,Aggregated,50.200000,50.200000,4,4,5,5,6,6,8,9,15,66,66,4102,4102,4,3.861498902959794,1.1521000051288866,65.98030000168364,0.0
1771701518,100,,Aggregated,50.900000,50.900000,4,4,5,5,6,6,8,9,19,66,66,4154,4154,4,3.858830476628313,1.1521000051288866,65.98030000168364,0.0
1771701519,100,,Aggregated,50.100000,50.100000,4,4,5,5,6,6,8,9,19,66,66,4200,4200,4,3.8638908095041793,1.1521000051288866,65.98030000168364,0.0
1771701520,100,,Aggregated,51.000000,51.000000,4,4,5,5,6,6,8,9,19,66,66,4264,4264,4,3.864937077843087,1.1521000051288866,65.98030000168364,0.0
1771701521,100,,Aggregated,50.700000,50.700000,4,4,5,5,6,6,7,9,19,66,66,4312,4312,4,3.869386502763903,1.1521000051288866,65.98030000168364,0.0
1771701522,100,,Aggregated,50.800000,50.800000,4,4,5,5,6,6,7,9,19,66,66,4361,4361,4,3.863898991036852,1.1521000051288866,65.98030000168364,0.0
1771701523,100,,Aggregated,51.800000,51.800000,4,4,5,5,6,6,7,9,19,66,66,4411,4411,4,3.854757447273174,1.1521000051288866,65.98030000168364,0.0
1771701524,100,,Aggregated,50.400000,50.400000,4,4,5,5,6,6,7,9,19,66,66,4458,4458,4,3.8582819201201795,1.1521000051288866,65.98030000168364,0.0
1771701525,100,,Aggregated,51.400000,51.400000,4,4,5,5,6,6,7,9,19,66,66,4509,4509,4,3.8598766245070317,1.1521000051288866,65.98030000168364,0.0
1771701526,100,,Aggregated,51.000000,51.000000,4,4,5,5,6,6,7,9,19,66,66,4554,4554,4,3.86256932365355,1.1521000051288866,65.98030000168364,0.0
1771701527,100,,Aggregated,50.300000,50.300000,4,4,5,5,6,6,7,9,26,66,66,4599,4599,4,3.8661801913186085,1.1521000051288866,65.98030000168364,0.0
1771701528,100,,Aggregated,49.300000,49.300000,4,4,5,5,6,6,7,9,26,66,66,4654,4654,4,3.8529718521445053,1.1521000051288866,65.98030000168364,0.0
1771701529,100,,Aggregated,49.700000,49.700000,4,4,5,5,6,6,7,9,26,66,66,4694,4694,4,3.858783276500516,1.1521000051288866,65.98030000168364,0.0
1771701530,100,,Aggregated,49.400000,49.400000,4,4,5,5,6,6,7,9,26,66,66,4754,4754,4,3.857192911210394,1.1521000051288866,65.98030000168364,0.0
1771701531,100,,Aggregated,49.300000,49.300000,4,4,5,5,6,6,7,8,26,66,66,4810,4810,4,3.858126153825277,1.1521000051288866,65.98030000168364,0.0
1771701532,100,,Aggregated,48.400000,48.400000,4,4,5,5,6,6,7,8,26,66,66,4856,4856,4,3.851827491744908,1.1521000051288866,65.98030000168364,0.0
1771701533,100,,Aggregated,49.100000,49.100000,4,4,5,5,6,6,7,8,26,66,66,4907,4907,4,3.8510573466379423,1.1521000051288866,65.98030000168364,0.0
1771701534,100,,Aggregated,49.700000,49.700000,4,4,5,5,6,6,7,9,26,66,66,4956,4956,4,3.8559341202539006,1.1521000051288866,65.98030000168364,0.0
1771701535,100,,Aggregated,49.000000,49.000000,4,4,5,5,6,6,7,8,24,66,66,5008,5008,4,3.8604721445638956,1.1521000051288866,65.98030000168364,0.0
1771701536,100,,Aggregated,49.200000,49.200000,4,4,5,5,6,6,7,8,24,66,66,5057,5057,4,3.8560194581786558,1.1521000051288866,65.98030000168364,0.0
1771701537,100,,Aggregated,49.100000,49.100000,4,4,5,5,6,6,7,8,24,66,66,5104,5104,4,3.8531259796269115,1.1521000051288866,65.98030000168364,0.0
1771701538,100,,Aggregated,49.600000,49.600000,4,4,5,5,6,6,7,8,24,66,66,5156,5156,4,3.840239934065019,1.1521000051288866,65.98030000168364,0.0
1771701539,100,,Aggregated,49.700000,49.700000,4,4,5,5,6,6,7,8,24,66,66,5198,5198,4,3.8467608310940498,1.1521000051288866,65.98030000168364,0.0
1771701540,100,,Aggregated,49.600000,49.600000,4,4,5,5,6,6,7,8,24,66,66,5250,5250,4,3.8483302857119788,1.1521000051288866,65.98030000168364,0.0
1771701541,100,,Aggregated,49.000000,49.000000,4,4,5,5,6,6,7,8,24,66,66,5303,5303,4,3.853699434281287,1.1521000051288866,65.98030000168364,0.0
1771701542,100,,Aggregated,49.800000,49.800000,4,4,5,5,6,6,7,8,24,66,66,5359,5359,4,3.8514734465321108,1.1378999988664873,65.98030000168364,0.0
1771701543,100,,Aggregated,48.800000,48.800000,4,4,5,5,6,6,7,8,24,66,66,5406,5406,4,3.84511100628431,1.1378999988664873,65.98030000168364,0.0
1771701544,100,,Aggregated,49.300000,49.300000,4,4,5,5,6,6,7,8,24,66,66,5460,5460,4,3.848062179475584,1.1378999988664873,65.98030000168364,0.0
1771701545,100,,Aggregated,49.400000,49.400000,4,4,5,5,6,6,7,8,24,66,66,5514,5514,4,3.850211371034366,1.1378999988664873,65.98030000168364,0.0
1771701546,100,,Aggregated,49.400000,49.400000,4,4,5,5,6,6,7,8,24,66,66,5565,5565,4,3.8537269721312035,1.1378999988664873,65.98030000168364,0.0
1771701547,100,,Aggregated,49.800000,49.800000,4,4,5,5,6,6,7,8,24,66,66,5610,5610,4,3.847497379664967,1.1378999988664873,65.98030000168364,0.0
